pid,stage1,stage1_conf,stage2,stage2_conf
1,healthy,0.8277,N/A,0.0
100,anemic,0.7044,melanonychia,0.7954
102,healthy,0.887,N/A,0.0
103,anemic,0.5577,onychorrhexis,0.8136
104,healthy,0.6787,N/A,0.0
105,anemic,0.992,melanonychia,0.8746
106,healthy,0.7469,N/A,0.0
107,healthy,0.5618,N/A,0.0
109,healthy,0.557,N/A,0.0
11,healthy,0.8737,N/A,0.0
110,anemic,0.6034,onychorrhexis,0.7725
111,healthy,0.682,N/A,0.0
12,healthy,0.9646,N/A,0.0
120,healthy,0.7539,N/A,0.0
121,healthy,0.8913,N/A,0.0
123,anemic,0.8183,melanonychia,0.7153
124,anemic,0.7884,melanonychia,0.9247
125,healthy,0.5926,N/A,0.0
126,anemic,0.7568,melanonychia,0.4474
128,healthy,0.6283,N/A,0.0
129,healthy,0.9541,N/A,0.0
130,healthy,0.7444,N/A,0.0
131,healthy,0.7806,N/A,0.0
133,anemic,0.5262,onychorrhexis,0.5247
134,healthy,0.7649,N/A,0.0
135,anemic,0.663,melanonychia,0.719
136,healthy,0.6164,N/A,0.0
137,anemic,0.6436,melanonychia,0.786
139,healthy,0.5556,N/A,0.0
14,healthy,0.8468,N/A,0.0
141,healthy,0.8191,N/A,0.0
143,anemic,0.6225,onychorrhexis,0.5106
144,anemic,0.8809,melanonychia,0.7136
147,healthy,0.6576,N/A,0.0
148,anemic,0.5651,melanonychia,0.5537
149,healthy,0.8262,N/A,0.0
15,healthy,0.7497,N/A,0.0
151,anemic,0.5029,onychorrhexis,0.485
152,healthy,0.7319,N/A,0.0
153,healthy,0.6965,N/A,0.0
156,healthy,0.7884,N/A,0.0
158,anemic,0.648,onychorrhexis,0.5551
16,anemic,0.8332,onychorrhexis,0.655
163,anemic,0.6738,onychorrhexis,0.5711
165,healthy,0.8172,N/A,0.0
166,anemic,0.5562,melanonychia,0.7315
167,healthy,0.8982,N/A,0.0
168,anemic,0.5477,melanonychia,0.8289
17,anemic,0.5299,onychorrhexis,0.848
170,healthy,0.547,N/A,0.0
171,healthy,0.506,N/A,0.0
173,healthy,0.7346,N/A,0.0
174,healthy,0.5469,N/A,0.0
175,healthy,0.5695,N/A,0.0
176,healthy,0.7307,N/A,0.0
177,healthy,0.7002,N/A,0.0
178,healthy,0.6031,N/A,0.0
179,anemic,0.6167,onychorrhexis,0.6981
18,healthy,0.6965,N/A,0.0
180,healthy,0.5699,N/A,0.0
181,anemic,0.5636,onychorrhexis,0.4901
182,healthy,0.5767,N/A,0.0
184,healthy,0.547,N/A,0.0
186,healthy,0.8594,N/A,0.0
187,anemic,0.7525,melanonychia,0.5276
188,healthy,0.5938,N/A,0.0
19,healthy,0.8442,N/A,0.0
191,anemic,0.6635,onychorrhexis,0.745
192,anemic,0.8642,onychorrhexis,0.505
193,healthy,0.8887,N/A,0.0
194,anemic,0.6851,melanonychia,0.8703
195,healthy,0.5975,N/A,0.0
196,anemic,0.5463,onychorrhexis,0.4914
197,anemic,0.5995,melanonychia,0.5078
199,healthy,0.5149,N/A,0.0
2,healthy,0.6099,N/A,0.0
200,healthy,0.6814,N/A,0.0
201,anemic,0.6425,melanonychia,0.6882
202,healthy,0.5918,N/A,0.0
205,anemic,0.5143,onychorrhexis,0.5365
206,anemic,0.554,onychorrhexis,0.6211
207,healthy,0.6328,N/A,0.0
208,healthy,0.7663,N/A,0.0
209,anemic,0.7928,onychorrhexis,0.5106
21,anemic,0.6988,onychorrhexis,0.9291
210,healthy,0.7107,N/A,0.0
212,anemic,0.6523,melanonychia,0.6682
213,healthy,0.5749,N/A,0.0
214,healthy,0.5076,N/A,0.0
215,anemic,0.5407,melanonychia,0.7832
216,healthy,0.5367,N/A,0.0
217,healthy,0.5213,N/A,0.0
218,anemic,0.6309,melanonychia,0.8827
219,healthy,0.5332,N/A,0.0
22,healthy,0.7579,N/A,0.0
220,healthy,0.8755,N/A,0.0
221,healthy,0.7399,N/A,0.0
222,anemic,0.5621,melanonychia,0.6898
223,anemic,0.5815,melanonychia,0.7299
224,healthy,0.696,N/A,0.0
225,healthy,0.7839,N/A,0.0
227,healthy,0.7494,N/A,0.0
229,healthy,0.6902,N/A,0.0
230,healthy,0.6256,N/A,0.0
231,anemic,0.7611,melanonychia,0.7387
232,anemic,0.6361,melanonychia,0.6811
234,healthy,0.5916,N/A,0.0
235,healthy,0.948,N/A,0.0
236,anemic,0.5786,onychorrhexis,0.5699
237,healthy,0.8762,N/A,0.0
239,healthy,0.7208,N/A,0.0
240,anemic,0.6205,melanonychia,0.8057
243,anemic,0.7121,melanonychia,0.8471
245,healthy,0.795,N/A,0.0
246,healthy,0.5243,N/A,0.0
247,healthy,0.6085,N/A,0.0
248,healthy,0.655,N/A,0.0
249,healthy,0.6712,N/A,0.0
25,healthy,0.844,N/A,0.0
250,healthy,0.5715,N/A,0.0
251,healthy,0.5778,N/A,0.0
252,healthy,0.5063,N/A,0.0
253,healthy,0.5146,N/A,0.0
254,anemic,0.6565,melanonychia,0.6905
255,anemic,0.8298,melanonychia,0.8089
256,healthy,0.512,N/A,0.0
258,healthy,0.8598,N/A,0.0
26,healthy,0.9209,N/A,0.0
260,anemic,0.6434,onychorrhexis,0.5242
261,anemic,0.834,melanonychia,0.7239
262,anemic,0.9168,melanonychia,0.5532
263,anemic,0.6901,onychorrhexis,0.6142
264,anemic,0.5534,melanonychia,0.6668
265,healthy,0.5437,N/A,0.0
27,healthy,0.5981,N/A,0.0
273,healthy,0.7762,N/A,0.0
276,healthy,0.9473,N/A,0.0
277,healthy,0.9484,N/A,0.0
279,anemic,0.6534,onychorrhexis,0.6519
28,healthy,0.8061,N/A,0.0
280,anemic,0.5309,melanonychia,0.7299
281,healthy,0.5258,N/A,0.0
283,anemic,0.6688,onychorrhexis,0.8433
286,anemic,0.5953,onychorrhexis,0.8107
287,healthy,0.7685,N/A,0.0
288,healthy,0.6883,N/A,0.0
289,healthy,0.8466,N/A,0.0
29,healthy,0.8621,N/A,0.0
290,anemic,0.691,onychorrhexis,0.5073
291,anemic,0.8414,melanonychia,0.5877
293,anemic,0.9625,melanonychia,0.5539
294,healthy,0.9496,N/A,0.0
295,anemic,0.6939,onychorrhexis,0.514
296,anemic,0.6519,melanonychia,0.6873
297,healthy,0.643,N/A,0.0
298,healthy,0.9281,N/A,0.0
300,healthy,0.6066,N/A,0.0
301,healthy,0.9201,N/A,0.0
302,healthy,0.7764,N/A,0.0
303,anemic,0.7017,onychorrhexis,0.5619
304,healthy,0.6277,N/A,0.0
307,healthy,0.5005,N/A,0.0
308,anemic,0.6183,onychorrhexis,0.6161
309,healthy,0.7075,N/A,0.0
310,anemic,0.6291,onychorrhexis,0.6966
311,healthy,0.7049,N/A,0.0
312,healthy,0.876,N/A,0.0
314,healthy,0.6798,N/A,0.0
315,anemic,0.8342,melanonychia,0.7026
316,anemic,0.9147,onychorrhexis,0.6187
317,healthy,0.6526,N/A,0.0
319,healthy,0.8163,N/A,0.0
32,healthy,0.9396,N/A,0.0
321,healthy,0.8695,N/A,0.0
323,healthy,0.8713,N/A,0.0
324,healthy,0.8986,N/A,0.0
325,healthy,0.9267,N/A,0.0
326,anemic,0.6738,onychorrhexis,0.8308
327,healthy,0.7147,N/A,0.0
329,anemic,0.7545,onychorrhexis,0.772
33,healthy,0.7101,N/A,0.0
330,healthy,0.6298,N/A,0.0
331,healthy,0.7897,N/A,0.0
333,anemic,0.6621,onychorrhexis,0.6863
334,healthy,0.6254,N/A,0.0
336,healthy,0.8055,N/A,0.0
337,healthy,0.8744,N/A,0.0
339,healthy,0.6042,N/A,0.0
34,healthy,0.6949,N/A,0.0
340,anemic,0.7578,melanonychia,0.791
341,anemic,0.8378,melanonychia,0.5504
342,healthy,0.9583,N/A,0.0
37,healthy,0.8904,N/A,0.0
38,healthy,0.945,N/A,0.0
39,healthy,0.8973,N/A,0.0
40,healthy,0.9086,N/A,0.0
41,healthy,0.8991,N/A,0.0
42,anemic,0.584,melanonychia,0.7132
43,anemic,0.6708,onychorrhexis,0.9076
44,healthy,0.9071,N/A,0.0
45,healthy,0.7018,N/A,0.0
46,healthy,0.8856,N/A,0.0
47,healthy,0.9732,N/A,0.0
48,healthy,0.9833,N/A,0.0
49,healthy,0.614,N/A,0.0
5,anemic,0.5304,onychorrhexis,0.8737
50,healthy,0.5769,N/A,0.0
51,anemic,0.559,melanonychia,0.6914
52,healthy,0.6415,N/A,0.0
53,healthy,0.5704,N/A,0.0
54,healthy,0.9071,N/A,0.0
55,healthy,0.9467,N/A,0.0
56,healthy,0.7792,N/A,0.0
57,healthy,0.5743,N/A,0.0
58,anemic,0.5396,melanonychia,0.8707
59,anemic,0.5324,onychorrhexis,0.5384
6,healthy,0.9543,N/A,0.0
60,healthy,0.5761,N/A,0.0
61,healthy,0.8961,N/A,0.0
62,healthy,0.8537,N/A,0.0
63,healthy,0.6437,N/A,0.0
64,anemic,0.5729,onychorrhexis,0.5331
65,healthy,0.7964,N/A,0.0
66,healthy,0.6762,N/A,0.0
67,healthy,0.7395,N/A,0.0
68,healthy,0.9233,N/A,0.0
69,healthy,0.6959,N/A,0.0
7,healthy,0.9554,N/A,0.0
72,healthy,0.8657,N/A,0.0
73,healthy,0.7311,N/A,0.0
74,healthy,0.9096,N/A,0.0
76,healthy,0.9267,N/A,0.0
77,healthy,0.9247,N/A,0.0
79,healthy,0.9009,N/A,0.0
8,healthy,0.9874,N/A,0.0
81,healthy,0.9142,N/A,0.0
82,healthy,0.8309,N/A,0.0
83,healthy,0.7666,N/A,0.0
84,healthy,0.9713,N/A,0.0
85,healthy,0.9303,N/A,0.0
86,healthy,0.9548,N/A,0.0
87,anemic,0.6943,onychorrhexis,0.7147
88,healthy,0.9662,N/A,0.0
89,healthy,0.8978,N/A,0.0
91,healthy,0.5968,N/A,0.0
93,healthy,0.9602,N/A,0.0
95,healthy,0.6921,N/A,0.0
97,healthy,0.7622,N/A,0.0
98,anemic,0.711,onychorrhexis,0.9599
99,healthy,0.68,N/A,0.0
